#Position,HLA_type,Gene,Transcript_name,Mutation,AA_change,MT_pep,WT_pep,HLA_sequence,tpm,DriverGene_Lable,allele_frequency
chr19:16577213,HLA-A24:02,MED26,ENST00000263390,878.gGc/gc,206.G/X,AGPEAAAW,AGPEGSRL,YSAMYEEKVAHTDENIAYLMFHYYTWAVQAYTGY,3.04849,FALSE,none
chr19:16577213,HLA-A02:01,MED26,ENST00000263390,878.gGc/gc,206.G/X,HAGPEAAA,HAGPEGSR,YFAMYGEKVAHTHVDTLYVRYHYYTWAVLAYTWY,3.04849,FALSE,none
chr19:16577213,HLA-A02:01,MED26,ENST00000263390,878.gGc/gc,206.G/X,AAAWSVTR,GSRLERDE,YFAMYGEKVAHTHVDTLYVRYHYYTWAVLAYTWY,3.04849,FALSE,none
chr19:16577213,HLA-B55:02,MED26,ENST00000263390,878.gGc/gc,206.G/X,SGHAGPEA,SGHAGPEG,YYAEYRNIYAQTDESNLYWTYNLYTWAVLAYTWY,3.04849,FALSE,none
chr19:16577213,HLA-B55:02,MED26,ENST00000263390,878.gGc/gc,206.G/X,GHAGPEAA,GHAGPEGS,YYAEYRNIYAQTDESNLYWTYNLYTWAVLAYTWY,3.04849,FALSE,none
chr19:16577213,HLA-B55:02,MED26,ENST00000263390,878.gGc/gc,206.G/X,HAGPEAAA,HAGPEGSR,YYAEYRNIYAQTDESNLYWTYNLYTWAVLAYTWY,3.04849,FALSE,none
chr19:16577213,HLA-B55:02,MED26,ENST00000263390,878.gGc/gc,206.G/X,PEAAAWSV,PEGSRLER,YYAEYRNIYAQTDESNLYWTYNLYTWAVLAYTWY,3.04849,FALSE,none
chr19:16577213,HLA-B55:02,MED26,ENST00000263390,878.gGc/gc,206.G/X,AAWSVTRM,SRLERDEN,YYAEYRNIYAQTDESNLYWTYNLYTWAVLAYTWY,3.04849,FALSE,none
chr19:16577213,HLA-B55:02,MED26,ENST00000263390,878.gGc/gc,206.G/X,HAGPEGQP,HAGPEGSR,YYAEYRNIYAQTDESNLYWTYNLYTWAVLAYTWY,3.04849,FALSE,none
chr19:16577213,HLA-B55:02,MED26,ENST00000263390,878.gGc/gc,206.G/X,AGPEGQPP,AGPEGSRL,YYAEYRNIYAQTDESNLYWTYNLYTWAVLAYTWY,3.04849,FALSE,none
chr19:16577213,HLA-B55:02,MED26,ENST00000263390,878.gGc/gc,206.G/X,GPEGQPPG,GPEGSRLE,YYAEYRNIYAQTDESNLYWTYNLYTWAVLAYTWY,3.04849,FALSE,none
chr19:16577213,HLA-B55:02,MED26,ENST00000263390,878.gGc/gc,206.G/X,PEGQPPGA,PEGSRLER,YYAEYRNIYAQTDESNLYWTYNLYTWAVLAYTWY,3.04849,FALSE,none
chr19:16577213,HLA-B15:11,MED26,ENST00000263390,878.gGc/gc,206.G/X,HAGPEAAA,HAGPEGSR,YYAMYRNIYTNTYESNLYLRYDSYTWAEWAYLWY,3.04849,FALSE,none
chr19:16577213,HLA-B15:11,MED26,ENST00000263390,878.gGc/gc,206.G/X,AAWSVTRM,SRLERDEN,YYAMYRNIYTNTYESNLYLRYDSYTWAEWAYLWY,3.04849,FALSE,none
chr19:16577213,HLA-C03:03,MED26,ENST00000263390,878.gGc/gc,206.G/X,HAGPEAAA,HAGPEGSR,YYAGYREKYRQTDVSNLYIRYDYYTWAELAYLWY,3.04849,FALSE,none
chr19:16577213,HLA-C03:03,MED26,ENST00000263390,878.gGc/gc,206.G/X,AAWSVTRM,SRLERDEN,YYAGYREKYRQTDVSNLYIRYDYYTWAELAYLWY,3.04849,FALSE,none
chr19:16577213,HLA-A02:01,MED26,ENST00000263390,878.gGc/gc,206.G/X,GPEGQPPGA,GPEGSRLER,YFAMYGEKVAHTHVDTLYVRYHYYTWAVLAYTWY,3.04849,FALSE,none
chr19:16577213,HLA-B55:02,MED26,ENST00000263390,878.gGc/gc,206.G/X,GSGHAGPEA,GSGHAGPEG,YYAEYRNIYAQTDESNLYWTYNLYTWAVLAYTWY,3.04849,FALSE,none
chr19:16577213,HLA-B55:02,MED26,ENST00000263390,878.gGc/gc,206.G/X,SGHAGPEAA,SGHAGPEGS,YYAEYRNIYAQTDESNLYWTYNLYTWAVLAYTWY,3.04849,FALSE,none
chr19:16577213,HLA-B55:02,MED26,ENST00000263390,878.gGc/gc,206.G/X,GHAGPEAAA,GHAGPEGSR,YYAEYRNIYAQTDESNLYWTYNLYTWAVLAYTWY,3.04849,FALSE,none
chr19:16577213,HLA-B55:02,MED26,ENST00000263390,878.gGc/gc,206.G/X,GPEAAAWSV,GPEGSRLER,YYAEYRNIYAQTDESNLYWTYNLYTWAVLAYTWY,3.04849,FALSE,none
chr19:16577213,HLA-B55:02,MED26,ENST00000263390,878.gGc/gc,206.G/X,PEAAAWSVT,PEGSRLERD,YYAEYRNIYAQTDESNLYWTYNLYTWAVLAYTWY,3.04849,FALSE,none
chr19:16577213,HLA-B55:02,MED26,ENST00000263390,878.gGc/gc,206.G/X,AAAWSVTRM,GSRLERDEN,YYAEYRNIYAQTDESNLYWTYNLYTWAVLAYTWY,3.04849,FALSE,none
chr19:16577213,HLA-B55:02,MED26,ENST00000263390,878.gGc/gc,206.G/X,GHAGPEGQP,GHAGPEGSR,YYAEYRNIYAQTDESNLYWTYNLYTWAVLAYTWY,3.04849,FALSE,none
chr19:16577213,HLA-B55:02,MED26,ENST00000263390,878.gGc/gc,206.G/X,HAGPEGQPP,HAGPEGSRL,YYAEYRNIYAQTDESNLYWTYNLYTWAVLAYTWY,3.04849,FALSE,none
chr19:16577213,HLA-B55:02,MED26,ENST00000263390,878.gGc/gc,206.G/X,GPEGQPPGA,GPEGSRLER,YYAEYRNIYAQTDESNLYWTYNLYTWAVLAYTWY,3.04849,FALSE,none
chr19:16577213,HLA-C03:03,MED26,ENST00000263390,878.gGc/gc,206.G/X,AAAWSVTRM,GSRLERDEN,YYAGYREKYRQTDVSNLYIRYDYYTWAELAYLWY,3.04849,FALSE,none
chr19:16577213,HLA-A24:02,MED26,ENST00000263390,878.gGc/gc,206.G/X,GHAGPEAAAW,GHAGPEGSRL,YSAMYEEKVAHTDENIAYLMFHYYTWAVQAYTGY,3.04849,FALSE,none
chr19:16577213,HLA-A02:01,MED26,ENST00000263390,878.gGc/gc,206.G/X,AGPEAAAWSV,AGPEGSRLER,YFAMYGEKVAHTHVDTLYVRYHYYTWAVLAYTWY,3.04849,FALSE,none
chr19:16577213,HLA-A02:01,MED26,ENST00000263390,878.gGc/gc,206.G/X,PEAAAWSVTR,PEGSRLERDE,YFAMYGEKVAHTHVDTLYVRYHYYTWAVLAYTWY,3.04849,FALSE,none
chr19:16577213,HLA-A02:01,MED26,ENST00000263390,878.gGc/gc,206.G/X,AGPEGQPPGA,AGPEGSRLER,YFAMYGEKVAHTHVDTLYVRYHYYTWAVLAYTWY,3.04849,FALSE,none
chr19:16577213,HLA-B55:02,MED26,ENST00000263390,878.gGc/gc,206.G/X,DGSGHAGPEA,DGSGHAGPEG,YYAEYRNIYAQTDESNLYWTYNLYTWAVLAYTWY,3.04849,FALSE,none
chr19:16577213,HLA-B55:02,MED26,ENST00000263390,878.gGc/gc,206.G/X,GSGHAGPEAA,GSGHAGPEGS,YYAEYRNIYAQTDESNLYWTYNLYTWAVLAYTWY,3.04849,FALSE,none
chr19:16577213,HLA-B55:02,MED26,ENST00000263390,878.gGc/gc,206.G/X,SGHAGPEAAA,SGHAGPEGSR,YYAEYRNIYAQTDESNLYWTYNLYTWAVLAYTWY,3.04849,FALSE,none
chr19:16577213,HLA-B55:02,MED26,ENST00000263390,878.gGc/gc,206.G/X,AGPEAAAWSV,AGPEGSRLER,YYAEYRNIYAQTDESNLYWTYNLYTWAVLAYTWY,3.04849,FALSE,none
chr19:16577213,HLA-B55:02,MED26,ENST00000263390,878.gGc/gc,206.G/X,GPEAAAWSVT,GPEGSRLERD,YYAEYRNIYAQTDESNLYWTYNLYTWAVLAYTWY,3.04849,FALSE,none
chr19:16577213,HLA-B55:02,MED26,ENST00000263390,878.gGc/gc,206.G/X,PEAAAWSVTR,PEGSRLERDE,YYAEYRNIYAQTDESNLYWTYNLYTWAVLAYTWY,3.04849,FALSE,none
chr19:16577213,HLA-B55:02,MED26,ENST00000263390,878.gGc/gc,206.G/X,EAAAWSVTRM,EGSRLERDEN,YYAEYRNIYAQTDESNLYWTYNLYTWAVLAYTWY,3.04849,FALSE,none
chr19:16577213,HLA-B55:02,MED26,ENST00000263390,878.gGc/gc,206.G/X,SGHAGPEGQP,SGHAGPEGSR,YYAEYRNIYAQTDESNLYWTYNLYTWAVLAYTWY,3.04849,FALSE,none
chr19:16577213,HLA-B55:02,MED26,ENST00000263390,878.gGc/gc,206.G/X,GHAGPEGQPP,GHAGPEGSRL,YYAEYRNIYAQTDESNLYWTYNLYTWAVLAYTWY,3.04849,FALSE,none
chr19:16577213,HLA-B55:02,MED26,ENST00000263390,878.gGc/gc,206.G/X,AGPEGQPPGA,AGPEGSRLER,YYAEYRNIYAQTDESNLYWTYNLYTWAVLAYTWY,3.04849,FALSE,none
chr19:16577213,HLA-B15:11,MED26,ENST00000263390,878.gGc/gc,206.G/X,GHAGPEAAAW,GHAGPEGSRL,YYAMYRNIYTNTYESNLYLRYDSYTWAEWAYLWY,3.04849,FALSE,none
chr19:16577213,HLA-C03:03,MED26,ENST00000263390,878.gGc/gc,206.G/X,GSGHAGPEAA,GSGHAGPEGS,YYAGYREKYRQTDVSNLYIRYDYYTWAELAYLWY,3.04849,FALSE,none
chr19:16577213,HLA-C03:03,MED26,ENST00000263390,878.gGc/gc,206.G/X,SGHAGPEAAA,SGHAGPEGSR,YYAGYREKYRQTDVSNLYIRYDYYTWAELAYLWY,3.04849,FALSE,none
chr19:16577213,HLA-C03:03,MED26,ENST00000263390,878.gGc/gc,206.G/X,AGPEGQPPGA,AGPEGSRLER,YYAGYREKYRQTDVSNLYIRYDYYTWAELAYLWY,3.04849,FALSE,none
chr19:16577213,HLA-A24:02,MED26,ENST00000263390,878.gGc/gc,206.G/X,GSGHAGPEAAA,GSGHAGPEGSR,YSAMYEEKVAHTDENIAYLMFHYYTWAVQAYTGY,3.04849,FALSE,none
chr19:16577213,HLA-A24:02,MED26,ENST00000263390,878.gGc/gc,206.G/X,SGHAGPEAAAW,SGHAGPEGSRL,YSAMYEEKVAHTDENIAYLMFHYYTWAVQAYTGY,3.04849,FALSE,none
chr19:16577213,HLA-A24:02,MED26,ENST00000263390,878.gGc/gc,206.G/X,GPEAAAWSVTR,GPEGSRLERDE,YSAMYEEKVAHTDENIAYLMFHYYTWAVQAYTGY,3.04849,FALSE,none
chr19:16577213,HLA-A02:01,MED26,ENST00000263390,878.gGc/gc,206.G/X,DGSGHAGPEAA,DGSGHAGPEGS,YFAMYGEKVAHTHVDTLYVRYHYYTWAVLAYTWY,3.04849,FALSE,none
chr19:16577213,HLA-A02:01,MED26,ENST00000263390,878.gGc/gc,206.G/X,GSGHAGPEAAA,GSGHAGPEGSR,YFAMYGEKVAHTHVDTLYVRYHYYTWAVLAYTWY,3.04849,FALSE,none
chr19:16577213,HLA-A02:01,MED26,ENST00000263390,878.gGc/gc,206.G/X,HAGPEAAAWSV,HAGPEGSRLER,YFAMYGEKVAHTHVDTLYVRYHYYTWAVLAYTWY,3.04849,FALSE,none
chr19:16577213,HLA-A02:01,MED26,ENST00000263390,878.gGc/gc,206.G/X,GPEAAAWSVTR,GPEGSRLERDE,YFAMYGEKVAHTHVDTLYVRYHYYTWAVLAYTWY,3.04849,FALSE,none
chr19:16577213,HLA-A02:01,MED26,ENST00000263390,878.gGc/gc,206.G/X,HAGPEGQPPGA,HAGPEGSRLER,YFAMYGEKVAHTHVDTLYVRYHYYTWAVLAYTWY,3.04849,FALSE,none
chr19:16577213,HLA-B55:02,MED26,ENST00000263390,878.gGc/gc,206.G/X,DGSGHAGPEAA,DGSGHAGPEGS,YYAEYRNIYAQTDESNLYWTYNLYTWAVLAYTWY,3.04849,FALSE,none
chr19:16577213,HLA-B55:02,MED26,ENST00000263390,878.gGc/gc,206.G/X,GSGHAGPEAAA,GSGHAGPEGSR,YYAEYRNIYAQTDESNLYWTYNLYTWAVLAYTWY,3.04849,FALSE,none
chr19:16577213,HLA-B55:02,MED26,ENST00000263390,878.gGc/gc,206.G/X,HAGPEAAAWSV,HAGPEGSRLER,YYAEYRNIYAQTDESNLYWTYNLYTWAVLAYTWY,3.04849,FALSE,none
chr19:16577213,HLA-B55:02,MED26,ENST00000263390,878.gGc/gc,206.G/X,AGPEAAAWSVT,AGPEGSRLERD,YYAEYRNIYAQTDESNLYWTYNLYTWAVLAYTWY,3.04849,FALSE,none
chr19:16577213,HLA-B55:02,MED26,ENST00000263390,878.gGc/gc,206.G/X,GPEAAAWSVTR,GPEGSRLERDE,YYAEYRNIYAQTDESNLYWTYNLYTWAVLAYTWY,3.04849,FALSE,none
chr19:16577213,HLA-B55:02,MED26,ENST00000263390,878.gGc/gc,206.G/X,PEAAAWSVTRM,PEGSRLERDEN,YYAEYRNIYAQTDESNLYWTYNLYTWAVLAYTWY,3.04849,FALSE,none
chr19:16577213,HLA-B55:02,MED26,ENST00000263390,878.gGc/gc,206.G/X,EAAAWSVTRMT,EGSRLERDEND,YYAEYRNIYAQTDESNLYWTYNLYTWAVLAYTWY,3.04849,FALSE,none
chr19:16577213,HLA-B55:02,MED26,ENST00000263390,878.gGc/gc,206.G/X,GSGHAGPEGQP,GSGHAGPEGSR,YYAEYRNIYAQTDESNLYWTYNLYTWAVLAYTWY,3.04849,FALSE,none
chr19:16577213,HLA-B55:02,MED26,ENST00000263390,878.gGc/gc,206.G/X,SGHAGPEGQPP,SGHAGPEGSRL,YYAEYRNIYAQTDESNLYWTYNLYTWAVLAYTWY,3.04849,FALSE,none
chr19:16577213,HLA-B55:02,MED26,ENST00000263390,878.gGc/gc,206.G/X,HAGPEGQPPGA,HAGPEGSRLER,YYAEYRNIYAQTDESNLYWTYNLYTWAVLAYTWY,3.04849,FALSE,none
chr19:16577213,HLA-B15:11,MED26,ENST00000263390,878.gGc/gc,206.G/X,GSGHAGPEAAA,GSGHAGPEGSR,YYAMYRNIYTNTYESNLYLRYDSYTWAEWAYLWY,3.04849,FALSE,none
chr19:16577213,HLA-B15:11,MED26,ENST00000263390,878.gGc/gc,206.G/X,SGHAGPEAAAW,SGHAGPEGSRL,YYAMYRNIYTNTYESNLYLRYDSYTWAEWAYLWY,3.04849,FALSE,none
chr19:16577213,HLA-C03:03,MED26,ENST00000263390,878.gGc/gc,206.G/X,DGSGHAGPEAA,DGSGHAGPEGS,YYAGYREKYRQTDVSNLYIRYDYYTWAELAYLWY,3.04849,FALSE,none
chr19:16577213,HLA-C03:03,MED26,ENST00000263390,878.gGc/gc,206.G/X,GSGHAGPEAAA,GSGHAGPEGSR,YYAGYREKYRQTDVSNLYIRYDYYTWAELAYLWY,3.04849,FALSE,none
chr19:16577213,HLA-C03:03,MED26,ENST00000263390,878.gGc/gc,206.G/X,SGHAGPEAAAW,SGHAGPEGSRL,YYAGYREKYRQTDVSNLYIRYDYYTWAELAYLWY,3.04849,FALSE,none
chr19:16577213,HLA-C03:03,MED26,ENST00000263390,878.gGc/gc,206.G/X,HAGPEAAAWSV,HAGPEGSRLER,YYAGYREKYRQTDVSNLYIRYDYYTWAELAYLWY,3.04849,FALSE,none
chr19:16577213,HLA-C03:03,MED26,ENST00000263390,878.gGc/gc,206.G/X,HAGPEGQPPGA,HAGPEGSRLER,YYAGYREKYRQTDVSNLYIRYDYYTWAELAYLWY,3.04849,FALSE,none
